{
  "individual": [
    {
      "question": "вздутие кровли",
      "relevant_ids": [
        "СП 17.13330.2017 Кровли_513",
        "СП 17.13330.2017 Кровли_512"
      ],
      "retrieved_ids": [
        "СП 17.13330.2017 Кровли_513",
        "СП 17.13330.2017 Кровли_512",
        "СП 17.13330.2017 Кровли_693",
        "СП 17.13330.2017 Кровли_229",
        "СП 368.1325800.2017 Здания жилые. Правила проектирования_830"
      ],
      "precision@1": 1.0,
      "recall@1": 0.5,
      "f1@1": 0.6666666666666666,
      "precision@5": 0.4,
      "recall@5": 1.0,
      "f1@5": 0.5714285714285715,
      "mrr": 1.0,
      "ndcg@5": 1.0
    },
    {
      "question": "протечка в местах крепления кровельных листов",
      "relevant_ids": [
        "СП 71.13330.2017  Изоляционные и отделочные покрытия_457",
        "СП 71.13330.2017  Изоляционные и отделочные покрытия_455"
      ],
      "retrieved_ids": [
        "СП 71.13330.2017  Изоляционные и отделочные покрытия_457",
        "СП 71.13330.2017  Изоляционные и отделочные покрытия_455",
        "СП 17.13330.2017 Кровли_423",
        "СП 71.13330.2017  Изоляционные и отделочные покрытия_458",
        "СП 71.13330.2017  Изоляционные и отделочные покрытия_454"
      ],
      "precision@1": 1.0,
      "recall@1": 0.5,
      "f1@1": 0.6666666666666666,
      "precision@5": 0.4,
      "recall@5": 1.0,
      "f1@5": 0.5714285714285715,
      "mrr": 1.0,
      "ndcg@5": 1.0
    }
  ],
  "aggregated": {
    "mean_precision@1": 1.0,
    "std_precision@1": 0.0,
    "min_precision@1": 1.0,
    "max_precision@1": 1.0,
    "mean_recall@1": 0.5,
    "std_recall@1": 0.0,
    "min_recall@1": 0.5,
    "max_recall@1": 0.5,
    "mean_f1@1": 0.6666666666666666,
    "std_f1@1": 0.0,
    "min_f1@1": 0.6666666666666666,
    "max_f1@1": 0.6666666666666666,
    "mean_precision@5": 0.4,
    "std_precision@5": 0.0,
    "min_precision@5": 0.4,
    "max_precision@5": 0.4,
    "mean_recall@5": 1.0,
    "std_recall@5": 0.0,
    "min_recall@5": 1.0,
    "max_recall@5": 1.0,
    "mean_f1@5": 0.5714285714285715,
    "std_f1@5": 0.0,
    "min_f1@5": 0.5714285714285715,
    "max_f1@5": 0.5714285714285715,
    "mean_mrr": 1.0,
    "std_mrr": 0.0,
    "min_mrr": 1.0,
    "max_mrr": 1.0,
    "mean_ndcg@5": 1.0,
    "std_ndcg@5": 0.0,
    "min_ndcg@5": 1.0,
    "max_ndcg@5": 1.0
  }
}